gold	type of	object
Fura Bloodmouth	type of	character
Dexion Evicus	type of	character
Ancestor Glades	type of	location
Tamriel	type of	location
Skyrim	type of	location
an Ancestor Glade in Skyrim, in the pine forest	type of	location
"Blood"	type of	object
Elder Scrolls	type of	object
Serana	type of	character
Cyrodiil	type of	location
College of Winterhold	type of	location
Florentius Baenius	type of	character
Morvunskar	type of	location
Farkas	type of	character
Arkay	type of	character
Lord Harkon	type of	character
Moth Priest	type of	character
Soul Cairn	type of	location
Arvak	type of	character
Gunmar	type of	character
Treva's Watch	type of	location
Vingalmo	type of	character
Riften	type of	location
Valindor	type of	character
Fort Dawnguard	type of	location
Sightless Pit	type of	location
Isran	type of	character
Sorine Jurard	type of	character
Reach, trying to find dwarven ruins	type of	location
Elder Scroll	type of	object
Windhelm	type of	location
Brunwulf Free-Winter	type of	character
Katria	type of	character
ancient ruins	type of	location
"The Aetherium Wars"	type of	object
Aetherium Forge	type of	object
Jiub the Eradicator, Saint Jiub, Jiub	type of	character
Castle Volkihar	type of	location
Harkon	type of	character
Garan Marethi	type of	character
Solitude	type of	location
Durnehviir	type of	character
Urag gro-Shub	type of	character
an abandoned fort in the Reach	type of	location
Auriel's Bow	type of	object
Melka	type of	character
Melka's tower	type of	location
Petra	type of	character
Feran Sadri	type of	character
Whiterun	type of	location
Delphine	type of	character
Esbern	type of	character
Brynjolf	type of	character
Edla	type of	character
Skaal Village	type of	location
Nikulas	type of	character
Durak	type of	character
Brelyna Maryon	type of	character
Galmar Stone-Fist	type of	character
Morthal	type of	location
Dragon Bridge	type of	location
Rorikstead	type of	location
an inn in Dragon Bridge or Rorikstead	type of	location
Arngeir	type of	character
Dragonsreach	type of	location
Jarl of Whiterun	type of	character
Alduin	type of	character
Legate Rikke	type of	character
Dawnstar	type of	location
Nightgate or Candlehearth	type of	location
Swindler's Den	type of	location
Cragwallow Slope	type of	location
Molag Bal	type of	character
Tolfdir	type of	character
outside the College of Winterhold	type of	location
Labyrinthian	type of	location
Ancano	type of	character
Eye of Magnus	type of	object
Staff of Magnus	type of	object
Sondas Drenim	type of	character
Darkwater Crossing	type of	location
Darkwater Pass	type of	location
Derkeethus	type of	character
Neloth	type of	character
Valdar	type of	character
tomb of Hevnoraak	type of	location
in the tomb below	type of	location
Hevnoraak	type of	character
Erik	type of	character
Mralki	type of	character
Skjor	type of	character
Pale	type of	location
Farengar Secret-Fire	type of	character
Sergius Turrianus	type of	character
Elmus	type of	character
a miserable place	type of	location
Thirsk Mead Hall	type of	location
Ashfire Mead	type of	object
Elisif the Fair	type of	character
a hidden shrine to Talos	type of	location
Torygg	type of	character
Talos	type of	character
Solstheim	type of	location
Ebony Warrior	type of	character
the Ebony Warrior's last vigil	type of	location
Sovngarde	type of	location
Igmund	type of	character
Markarth	type of	location
Hag's End	type of	location
Korir	type of	character
Winterhold	type of	location
Hob's Fall Cave	type of	location
Hanse	type of	character
Helm of Winterhold	type of	object
Herd	type of	character
Brodir	type of	character
"Bandit Leader's Journal"	type of	object
Dravynea the Stoneweaver	type of	character
the mines	type of	location
Morrowind	type of	location
Frida	type of	character
Shrouded Grove	type of	location
Ring of Pure Mixtures	type of	object
Runil	type of	character
Falkreath	type of	location
Darkshade Copse	type of	location
Kust	type of	character
Noster Eagle-Eye	type of	character
Roggi Knot-Beard	type of	character
Kynesgrove	type of	location
Ansilvund	type of	location
Lenne	type of	character
Knot-Beard shield	type of	object
Oengul War-Anvil	type of	character
Cronvangr Cave	type of	location
High Queen Freydis	type of	character
Amren	type of	character
Halted Stream Camp	type of	location
Saffir	type of	character
Shahvee	type of	character
Black Marsh	type of	location
Zenithar	type of	character
Dagur	type of	character
Dagur's inn	type of	location
Isabelle Rolaine	type of	character
Ranmir	type of	character
Vex	type of	character
Delvin Mallory	type of	character
Bits and Pieces	type of	location
Olda	type of	character
a cave nearby, guarded by wolves	type of	location
Horgeir	type of	character
Dragon's Breath Mead	type of	object
Varona	type of	character
Modyn Veleth	type of	character
Raven Rock	type of	location
not in the Bulwark, one of the abandoned houses on the outskirts of Raven Rock	type of	location
Emberbrand Wine	type of	object
Astrid	type of	character
Gourmet	type of	character
Festus	type of	character
Festus Krex	type of	character
the keep in Markarth	type of	location
Anton Virane	type of	character
Quintus Navale	type of	character
Throat of the World	type of	location
giant camps	type of	location
Forsworn camps in the Reach	type of	location
Nurelion	type of	character
Laila Law-Giver	type of	character
the warehouse within Riften	type of	location
Sarthis	type of	character
Skooma	type of	object
Rustleif	type of	character
Seren	type of	character
"Night Falls on Sentinel"	type of	object
Siddgeir	type of	character
Black-Briar Mead	type of	object
Ysolda	type of	character
Ma'dran	type of	character
Lami	type of	character
"Song of the Alchemists"	type of	object
Captain Aldis	type of	character
"The Mirror"	type of	object
Torbjorn Shatter-Shield	type of	character
Tova	type of	character
Vilkas	type of	character
Jorrvaskr	type of	location
Driftshade Refuge	type of	location
Kodlak	type of	character
Wuuthrad	type of	object
Riftweald Manor	type of	location
Mercer Frey	type of	character
Vald	type of	character
Louis Letrush	type of	character
Riften Jail	type of	location
Sibbi Black-Briar	type of	character
Frost	type of	character
Maven Black-Briar	type of	character
Eltrys	type of	character
Margret	type of	character
Dustman's Cairn	type of	location
Alessandra	type of	character
Hall of the Dead	type of	location
Andurs	type of	character
Tomb of Ysgramor	type of	location
the place that is already known to the player	type of	location
Aela	type of	character
Pactur	type of	character
Bryling	type of	character
Silus Vesuius	type of	character
Ghunzul	type of	character
Drascua	type of	character
Jorgen	type of	character
Mehrunes Dagon	type of	character
Mehrunes' Razor	type of	object
Dragonborn	type of	character
Styrr	type of	character
Temple of Divines	type of	location
Potema's Catacombs	type of	location
Potema, the Wolf Queen	type of	character
Odahviing	type of	character
Skuldafn	type of	location
Alduin, World-Eater	type of	character
Aventus Aretino	type of	character
Grelod the Kind	type of	character
Druadach Redoubt	type of	location
Afa-Saryat	type of	character
"Wind and Sand"	type of	object
Forsaken Cave	type of	location
Curalmil	type of	character
White Phial	type of	location
Dark Brotherhood Sanctuary	type of	location
Night Mother's Chamber in the Dark Brotherhood Sanctuary	type of	location
Cicero	type of	character
Night Mother's Chamber	type of	location
Night Mother	type of	character
Balgruuf the Greater	type of	character
Nelkir	type of	character
High Hrothgar	type of	location
hight up the slopes of the Throat of the World	type of	location
Erandur	type of	character
Nightcaller Temple	type of	location
Vaermina	type of	character
From-Deepest-Fathoms	type of	character
Avanchnzel	type of	location
Lexicon	type of	object
Romlyn Dreth	type of	character
Black-Briar Meadery	type of	location
Ivarstead	type of	location
Vilemyr Inn	type of	location
Wilhelm	type of	character
Indaryn	type of	character
in the center of the cistern room	type of	location
Hafjorg	type of	character
Shor's Stone	type of	location
Elgrim	type of	character
Filnjar	type of	character
Ralis Sedarys	type of	character
outside Kolbjorn Barrow	type of	location
Kolbjorn Barrow	type of	location
Mournhold	type of	location
Relics of Ahzidal	type of	object
Eastmarch	type of	location
Saarthal	type of	location
Arniel Gane	type of	character
Karliah	type of	character
Twilight Sepulcher	type of	location
Nocturnal	type of	character
Ralof	type of	character
Vekel the Man	type of	character
Yngvild	type of	location
Arondil	type of	character
volumes of Arondil's journals, necromantic ravings	type of	object
Aela the Huntress	type of	character
Harbinger	type of	character
Hircine	type of	character
Castle Dour	type of	location
Commander Maro	type of	character
Titus Mede II	type of	character
Jarrin Root	type of	object
Paarthurnax	type of	character
Dovahkiin	type of	character
Revyn Sadri	type of	character
Revyn Sadri's store	type of	location
Viola Giordano's house	type of	location
Viola Giordano	type of	character
Tonilia	type of	character
Ri'saad	type of	character
Moon Sugar	type of	object
Kraldar	type of	character
Frea	type of	character
outside Temple of Miraak	type of	location
Temple of Miraak	type of	location
Storn	type of	character
Miraak	type of	character
Telrav	type of	character
Nilheim	type of	location
Atheron Residence	type of	location
Kodlak Whitemane	type of	character
next to Kodlak Whitemane	type of	location
Viarmo	type of	character
Bards College	type of	location
Dead Men's Respite	type of	location
Jarl Elisif	type of	character
King Olaf	type of	character
King Olaf's Verse	type of	object
the marsh south of Solitude	type of	location
just north of Windhelm	type of	location
the tundra a bit west of Whiterun	type of	location
just outside Riften	type of	location
Keerava	type of	character
Bersi Honey-Hand	type of	character
Haelga	type of	character
Eola	type of	character
Reachcliff Cave	type of	location
Namira, Lady of Decay	type of	character
Torsten Cruel-Sea	type of	character
Niranye's house in Windhelm	type of	location
Fjotli	type of	character
Niranye	type of	character
Hjaalmarch	type of	location
Orotheim	type of	location
Balimund	type of	character
fire salts, strange minerals that burns as hot as lava	type of	object
Narfi	type of	character
Reyda	type of	character
Evette San	type of	character
the docks	type of	location
Vittoria Vici	type of	character
Dinya Balu	type of	character
Mara	type of	character
Shadr	type of	character
Sapphire	type of	character
Sylgja	type of	character
Verner	type of	character
Bolli	type of	character
The Silver Blood Inn	type of	location
Kleppr	type of	character
Mirabelle Ervine	type of	character
Savos Aren	type of	character
Degaine	type of	character
outside the Temple of Dibella	type of	location
Temple of Dibella	type of	location
Tsun	type of	character
Whalebone Bridge	type of	location
Hall of Valor	type of	location
Alduin, World Eater	type of	character
Shor	type of	character
outside Snow Veil Sanctum	type of	location
Snow Veil Sanctum	type of	location
Stands-In-Shallows	type of	character
Gnisis Cornerclub	type of	location
Malur Seloth	type of	character
Frozen Hearth	type of	location
Nelacar	type of	character
Jarl of Winterhold	type of	character
Dengeir of Stuhn	type of	character
Lod's house in Falkreath	type of	location
Lod	type of	character
General Tullius	type of	character
Perth	type of	character
just outside Soljund's Sinkhole	type of	location
Soljund's Sinkhole	type of	location
Avrusa Sarethi	type of	character
Avrusa Sarethi's farm	type of	location
Aduri	type of	character
Jazbay Grapes	type of	object
Nirnroot	type of	object
Ghorza gra-Bagol	type of	character
Tacitus	type of	character
'The Last Scabbard of Akrash'	type of	object
Morwen	type of	character
Skaal village	type of	location
Bera	type of	character
Endon	type of	character
Valenwood	type of	location
Pinewatch	type of	location
Rigel Strong-Arm	type of	character
Heddic Volunnar	type of	character
Volunruud	type of	location
Tongue Chieftain Kvenel	type of	character
"Heddic's Volunruud Notes"	type of	object
Okin and Eduj	type of	object
Skyforge	type of	location
Underforge	type of	location
beneath the Skyforge	type of	location
Eorlund	type of	character
Captain Valmir	type of	character
Forelhost	type of	location
Atmora	type of	location
Amaund Motierre	type of	character
a crypt	type of	location
Black Sacrament	type of	object
Grisvar the Unlucky	type of	character
Duach	type of	character
Carlotta Valentia	type of	character
Shalidor	type of	character
Ondolemar	type of	character
Ogmund the Skald	type of	character
Jarl	type of	character
Adril Arano	type of	character
Retching Netch Cornerclub	type of	location
Councilor Morvayn	type of	character
Geldis Sadri	type of	character
Anska	type of	character
Vokun's crypt	type of	location
Vokun	type of	character
Ysgramor	type of	character
Talen-Jei	type of	character
Idolaf Battle-Born	type of	character
Nazeem	type of	character
"Letter from Idolaf Battle-Born"	type of	object
Selveni Nethri	type of	character
Southfringe Sanctum	type of	location
Bashnag	type of	character
Ulfric	type of	character
Goldenglow Estate	type of	location
East Empire Company	type of	location
Gulum-Ei	type of	character
Ainethach	type of	character
Karthwasten	type of	location
Sanuarach Mine	type of	location
Captain Wayfinder	type of	character
Sea Squall	type of	location
some cave	type of	location
Fine-Cut Void Salts	type of	object
in the southwest reaches of the realm, in the pine forest	type of	location
"Silence, my brother."	type of	object
Arcadia	type of	character
Rogatus Salvius	type of	character
Old Hroldan Inn	type of	location
Leontius	type of	character
Falion	type of	character
Agni	type of	character
Madesi	type of	character
a city	type of	location
Giraud Gemane	type of	character
Halldir's Cairn	type of	location
Rjorn	type of	character
Halldir	type of	character
Orthus Endario	type of	character
East Empire Company's rundown offices in Windhelm	type of	location
Hammerfell	type of	location
Vvardenfell	type of	location
Suvaris Atheron	type of	character
Svari	type of	character
Roggvir	type of	character
Cragslane Cavern	type of	location
Mzulft	type of	location
Colette Marence	type of	character
Augur	type of	character
Common Soul Gems	type of	object
Bujold the Unworthy	type of	character
outside Thirsk Mead Hall	type of	location
Rieklings	type of	character
Rift	type of	location
Faldar's Tooth	type of	location
Fort Neugrad	type of	location
near Fort Neugrad	type of	location
Illia	type of	character
Darklight Tower	type of	location
Pantea Ateia	type of	character
Larina	type of	character
Fethis Alor	type of	character
East Empire Pendants	type of	object
Eisa Blackthorn	type of	character
Frostmere Crypt	type of	location
Kyr	type of	character
Ra'jirr	type of	character
Pale Lady	type of	character
"Eisa's Journal"	type of	object
Glover Mallory	type of	character
Castle Karstaag	type of	location
Esmond Tyne	type of	character
Nchardak	type of	location
Drevis Neloren	type of	character
around the College of Winterhold	type of	location
Onmund	type of	character
Enthir	type of	character
Barenziah	type of	character
Stone of Barenziah, Stones of Barenziah	type of	object
Angeline Morrard	type of	character
Fura	type of	character
Calcelmo	type of	character
Nchuand-Zel	type of	location
Nimhe, Poisoned One	type of	character
Kesh the Clean	type of	character
Peryite	type of	character
Bthardamz	type of	location
Orchendor	type of	character
Sam Guevenne	type of	character
Senna	type of	character
Sam	type of	character
Dibella	type of	character
Madanach	type of	character
Cidhna Mine	type of	location
Braig	type of	character
Mogrul	type of	character
Drovas Relvi	type of	character
septims	type of	object
The Hag's Cure	type of	location
Muiri	type of	character
Valdr	type of	character
outside Moss Mother Cavern	type of	location
Moss Mother Cavern	type of	location
Ari	type of	character
Niels	type of	character
Spriggans	type of	character
Deor Woodcutter	type of	character
Baldor Iron-Shaper	type of	character
Stalhrim	type of	object
Christer	type of	character
Mistwatch	type of	location
Fjola	type of	character
Redbelly Mine	type of	location
Grogmar	type of	character
Fralia Gray-Mane	type of	character
Fralia Gray-Mane's home	type of	location
Thorald	type of	character
Dervenin	type of	character
Pelagius Wing	type of	location
Blue Palace	type of	location
Una	type of	character
Erdi	type of	character
Jarl Baalgruf	type of	character
The Ragged Flagon	type of	location
Delvin Mallory, Vex	type of	character
Falk Firebeard	type of	character
Wolfskull Cave	type of	location
Potema the Wolf Queen	type of	character
Captain Veleth	type of	character
an old farm	type of	location
Riften jail	type of	location
Svidi	type of	character
Wulfur	type of	character
Faendal	type of	character
Riverwood	type of	location
Camilla Valerius	type of	character
Sven	type of	character
Aringoth	type of	character
Maven	type of	character
Mercer	type of	character
Tharstan	type of	character
Vahlok's Tomb	type of	location
Red Mountain	type of	location
outside Vahlok's Tomb	type of	location
Benkongerike	type of	location
Xarxes	type of	character
Hermaeus Mora	type of	character
Black Books	type of	object
Lisbet	type of	character
Lisbet's store	type of	location
Broken Tower Redoubt	type of	location
Jaree-Ra	type of	character
Solitude Docks	type of	location
Icerunner	type of	location
Solitude Lighthouse	type of	location
Deeja	type of	character
Shroud Hearth Barrow	type of	location
Wyndelius	type of	character
Olava the Feeble	type of	character
Deepwood Redoubt	type of	location
Froki	type of	character
Kyne	type of	character
Kyne's Sacred Trials	type of	object
Sybille Stentor	type of	character
Pinemoon Cave	type of	location
Skald the Elder	type of	character
Idgrod Ravencrone	type of	character
Hroggar's house in Morthal	type of	location
Hroggar	type of	character
Alva	type of	character
Embershard Mine	type of	location
Serpent's Bluff Redoubt	type of	location
Nazir	type of	character
ruins just outside of Ivarstead	type of	location
Red Wave	type of	location
Safia	type of	character
Mzinchaleft	type of	location
Maluril	type of	character
Moorside Inn	type of	location
Lurbuk	type of	character
Ma'randru-jo	type of	character
Helvard	type of	character
Half-Moon Mill	type of	location
Hern	type of	character
Hert	type of	character
Anga's Mill	type of	location
in the woods near Anga's Mill	type of	location
Ennodius Papius	type of	character
the plains outside Whiterun	type of	location
Anoriath	type of	character
Hela's Folly	type of	location
Deekus	type of	character
Beitild	type of	character
Serpentstone Isle	type of	location
Fort Hraggstad	type of	location
Korvanjund	type of	location
outside Korvanjund	type of	location
King Borgas	type of	character
Jagged Crown	type of	object
Galmar Stonefist	type of	character
J'zargo	type of	character
Sadri's Sujamma	type of	object
Sujamma	type of	object
Aretino Residence	type of	location
Honorhall Orphanage	type of	location
Stalleo	type of	character
outside Treva's Watch	type of	location
Brurid	type of	character
Alik'r Warriors	type of	character
Saadia	type of	character
Olfrid Battle-Born	type of	character
the Jarl's or Steward's chambers in Dragonsreach	type of	location
Arn	type of	character
books, which contain powerful Illusion spells	type of	object
Marise Aravel	type of	character
Ancient's Ascent	type of	location
ice wraith teeth	type of	object
Wylandriah	type of	character
Fellstar Farm	type of	location
Frozen Hearth Inn	type of	location
The White Phial	type of	location
Boti	type of	character
Dwemer Spoon	type of	object
Orichalcum Ingot	type of	object
Grand Soul Gem	type of	object
Sinding	type of	character
a prison	type of	location
these woods	type of	location
Hircine, Lord of the Hunt	type of	character
Ring of Hircine	type of	object
Tyranus	type of	character
outside the Abandoned House	type of	location
Abandoned House	type of	location
Molag Bal, Lord of Domination	type of	character
Boethiah	type of	character
Ustengrav	type of	location
Jurgen Windcaller	type of	character
Erikur	type of	character
Fellglow Keep	type of	location
Orthorn	type of	character
Hilund	type of	character
Wujeeta	type of	character
Riften Fishery	type of	location
Heart Stones	type of	object
Hamal	type of	character
Sybil	type of	character
Exalted Protocol of the Dibellan Sybil	type of	object
Elynea Mothren	type of	character
Harstrad	type of	location
taproots	type of	object
Kjar	type of	character
North Wind	type of	location
Halbarn Iron-Fur	type of	character
Ebony	type of	object
Katariah	type of	location
onboard the Katariah	type of	location
Temba Wide-Arm	type of	character
bear pelts	type of	object
Mjoll the Lioness	type of	character
Grimsever	type of	object
Quaranir	type of	character
Augur of Dunlain	type of	character
Lucan Valerius	type of	character
Lucan Valerius's shop in the town	type of	location
Bleak Falls Barrow	type of	location
Beirand	type of	character
Hermaeus Mora, Gardener of Men	type of	character
Hermaeus Mora's realm	type of	location
Ghost of Old Hroldan	type of	character
Hroldan	type of	location
Hjalti	type of	character
Talvas Fathryon	type of	character
Tel Mithryn	type of	location
Ash Guardian	type of	character
Habd	type of	character
Frostflow Lighthouse	type of	location
Ramati	type of	character
Sudi	type of	character
Mani	type of	character
"Habd's Journal"	type of	object
Anonymous	type of	character
Midden	type of	location
Arcanaeum	type of	location
"Midden Incident Report"	type of	object
Deadric Relic	type of	object
rings	type of	object
Stony Creek Cave	type of	location
Malacath	type of	character
Forgemaster's Fingers	type of	object
Gorm	type of	character
Idgrod	type of	character
Grosta	type of	character
Broken Helm Hollow	type of	location
Liefnarr	type of	character
Daynas Valen	type of	character
Folgunthur	type of	location
Geirmund's Hall	type of	location
Archmage Gauldur	type of	character
Mikrul	type of	character
Jyrik	type of	character
Sigdis	type of	character
Archmage Geirmund	type of	character
"Daynas Valen's Notes"	type of	object
Taarie	type of	character
Radiant Raiment	type of	location
Elisif	type of	character
Inge Six Fingers	type of	character
Finn	type of	character
Finn's Lute	type of	object
Malborn	type of	character
around the main gate of Windhelm	type of	location
Khajiit	type of	character
Cindiri Arano	type of	character
First Edition	type of	location
Strident Squall	type of	location
Folio	type of	object
Faralda	type of	character
Mage Light	type of	object
Wulf Wild-Blood	type of	character
Torkild	type of	character
Crescius Caerellius	type of	character
Raven Rock Mine	type of	location
Gratian Caerellius	type of	character
Ingun Black-Briar	type of	character
deathbell	type of	object
nightshade	type of	object
nirnroot	type of	object
Bralsa Drel	type of	character
The Retching Netch	type of	location
Geldis	type of	character
Milore Ienth	type of	character
a walled city	type of	location
Bannered Mare	type of	location
Mikael	type of	character
Scouts-Many-Marshes	type of	character
Omluag	type of	character
Mulush	type of	character
Iddra	type of	character
Roggi	type of	character
Haran	type of	character
The Frozen Hearth	type of	location
Storn Crag-Strider	type of	character
Saering's Watch	type of	location
Wind Stone	type of	location
Brand-Shei	type of	character
"Power of the Elements"	type of	object
Dark Brotherhood Sanctuary, the hideout of the Dark Brotherhood	type of	location
the passphrase to the Dark Brotherhood Sanctuary: "Silence, my brother."	type of	object
Kerah	type of	character
Understone Keep	type of	location
Septimus Signus	type of	character
Sorex Vinius	type of	character
Jarl Elisif the Fair	type of	character
Stros M'Kai Rum	type of	object
The Winking Skeever	type of	location
Solitude stables	type of	location
Elenwen	type of	character
Thalmor Embassy	type of	location
Hillevi Cruel-Sea	type of	character
Hillevi Cruel-Sea's market stall	type of	location
Hollyfrost Farm	type of	location
Wuunferth	type of	character
Nightshade	type of	object
Aeri	type of	character
Thadgeir	type of	character
Berit	type of	character
Adonato Leotelli	type of	character
Giruad Gemane	type of	character
"Olaf and the Dragon"	type of	object
Banning	type of	character
Voada	type of	character
a mine whose tunnels are getting deep into the rock	type of	location
Idgrod the Younger	type of	character
Temple of Kynareth	type of	location
Joric	type of	character
Danica Pure-Spring	type of	character
on the road near Loreius Farm	type of	location
Loreius Farm	type of	location
Loreius	type of	character
Maro	type of	character
Bloodlet Throne	type of	location
Vighar	type of	character
Honningbrew Meadery	type of	location
Sabjorn	type of	character
Mallus Maccius	type of	character
down by the docks	type of	location
Dainty Sload	type of	location
Delvin	type of	character
Captain Volf	type of	character
ashore	type of	location
Sabine Nyette	type of	character
Balmora Blue	type of	object
Nightingale Sentinel	type of	character
Pilgrim's Path	type of	location
Ebonmere	type of	location
Skeleton Key	type of	object
Atub	type of	character
walled orc camp	type of	location
Yamarz	type of	character
Troll Fat	type of	object
Daedra Heart	type of	object
the wilderness	type of	location
Veezara	type of	character
Shadowmere	type of	character
outside by the pool	type of	location
Arnbjorn	type of	character
Phinis Gestor	type of	character
Hall of Attainment	type of	location
the top of the Hall of Attainment	type of	location
Dremora	type of	character
Barbas	type of	character
Haemar's Shame	type of	location
Clavicus Vile	type of	character
Raerek	type of	character
Anuriel	type of	character
Klimmek	type of	character
Elder Othreloth	type of	character
Temple	type of	location
Ancestral Tombs	type of	location
an Ancestral Tomb beneath the Temple	type of	location
Svana Far-Shield	type of	character
Bolli, Hofgrir, Indaryn	type of	character
Mark of Dibella, Marks of Dibella	type of	object
Warmaiden's	type of	location
"Letter from Calcelmo"	type of	object
Lars Battle-Born	type of	character
Braith	type of	character
the hills on the western edge of Skyrim	type of	location
Meridia	type of	character
Kilkreath	type of	location
Malkoran	type of	character
Dravin Llanith	type of	character
Dravin Llanith's farm	type of	location
Ratway	type of	location
Gabriella	type of	character
Gaius Maro	type of	character
Temple of the Divines	type of	location
Fastred	type of	character
Maramal	type of	character
Temple of Mara	type of	location
Hofgrir Horse-Crusher	type of	character
out in the wilderness	type of	location
Hunting Grounds	type of	location
Glenmoril coven in the wilderness	type of	location
the Gildergreen in Whiterun	type of	location
Orphan Rock	type of	location
Kynareth	type of	character
Gildergreen	type of	object
Eldergleam	type of	object
Nettlebane	type of	object
Dragonstone	type of	object
Candlehearth Hall	type of	location
the murder scene	type of	location
Helgird	type of	character
Susanna	type of	character
Aranea Ienith	type of	character
Azura's shrine, up the steps to the altar	type of	location
Azura	type of	character
White Ridge Barrow	type of	location
Alvor	type of	character
Helgen	type of	location
Balgruuf	type of	character
Frostmere Depths	type of	location
Azra Nightwielder	type of	character
Ancient Nordic Pickaxe	type of	object
Dwemer Cogs	type of	object
Skyrim ruins	type of	location
Dwarven Convectors, Convectors	type of	object
Brenuin	type of	character
Argonian Ale	type of	object
Bleakcoast Cave	type of	location
Pavo Attius' home	type of	location
Pavo Attius	type of	character
Medresi Dran	type of	character
Angarvunde	type of	location
outside the catacombs	type of	location
the catacombs, filled with undead	type of	location
Dragonhide	type of	object
Ebonyflesh	type of	object
Kahvozein's Fang	type of	object
Golldir	type of	character
Hillgrund's Tomb	type of	location
Agna	type of	character
Vals Veran	type of	character
Kharjo	type of	character
a cold land	type of	location
Moon Amulet	type of	location
Time-Wound	type of	location
Akatosh	type of	character
Sky Haven Temple	type of	location
Karthspire	type of	location
Alduin's Wall	type of	object
Wheat	type of	object
Blisterwort	type of	object
Arch-Mage	type of	character
Movarth's Lair	type of	location
a courtyard in Castle Volkihar with Valerica's garden, a peaceful place that Serana's father could not stand	type of	location
Valerica	type of	character
Dexion	type of	character
Florentius	type of	character
Bloodstone Chalice	type of	object
Dimhollow Crypt	type of	location
Tolan	type of	character
Irkngthand	type of	location
Cold Rock Pass	type of	location
gold	held by	Ralis Sedarys
gold	held by	Nazir
Auriel's Bow	held by	Fura Bloodmouth
Fura Bloodmouth	present in	an abandoned fort in the Reach
Fura Bloodmouth	present in	Haemar's Shame
"Blood"	held by	Dexion Evicus
Elder Scrolls	held by	Dexion Evicus
Dexion Evicus	present in	Ancestor Glades
Dexion Evicus	present in	Tamriel
Tamriel	connected to	Skyrim
Isran	present in	Tamriel
Tamriel	connected to	Castle Volkihar
Tamriel	connected to	Soul Cairn
General Tullius	present in	Tamriel
Tamriel	connected to	Windhelm
Lord Harkon	present in	Skyrim
Moth Priest	present in	Skyrim
Urag gro-Shub	present in	Skyrim
Skyrim	connected to	Solstheim
Esbern	present in	Skyrim
Skyrim	connected to	College of Winterhold
Skyrim	connected to	Hob's Fall Cave
Skyrim	connected to	Solitude
Neloth	present in	Skyrim
Varona	present in	Skyrim
Rustleif	present in	Skyrim
Seren	present in	Skyrim
Ysolda	present in	Skyrim
Ma'dran	present in	Skyrim
Skyrim	connected to	Riften
Skyrim	connected to	Riftweald Manor
Silus Vesuius	present in	Skyrim
Ghunzul	present in	Skyrim
Drascua	present in	Skyrim
Skyrim	connected to	Morthal
Arngeir	present in	Skyrim
Dragonborn	present in	Skyrim
Vex	present in	Skyrim
Skyrim	connected to	Windhelm
Skyrim	connected to	Dead Men's Respite
Jarl Elisif	present in	Skyrim
Skyrim	connected to	Markarth
Skyrim	connected to	Labyrinthian
Skyrim	connected to	Falkreath
Skyrim	connected to	Mzulft
Barenziah	present in	Skyrim
Legate Rikke	present in	Skyrim
Skyrim	connected to	Fort Hraggstad
Amaund Motierre	present in	Skyrim
bear pelts	present in	Skyrim
Delphine	present in	Skyrim
Skyrim	connected to	Riverwood
Galmar Stone-Fist	present in	Skyrim
Gabriella	present in	Skyrim
Skyrim	connected to	Whiterun
Skyrim	connected to	Temple of the Divines
Titus Mede II	present in	Skyrim
Skyrim	connected to	out in the wilderness
Skyrim	connected to	Sovngarde
Arniel Gane	present in	Skyrim
Skyrim	connected to	Castle Volkihar
Elder Scrolls	present in	an Ancestor Glade in Skyrim, in the pine forest
Elder Scrolls	held by	Serana
Elder Scrolls	held by	Lord Harkon
Serana	present in	Cyrodiil
Serana	present in	a courtyard in Castle Volkihar with Valerica's garden, a peaceful place that Serana's father could not stand
Serana	present in	Castle Volkihar
Cyrodiil	connected to	College of Winterhold
College of Winterhold	connected to	Labyrinthian
Ancano	present in	College of Winterhold
Sergius Turrianus	present in	College of Winterhold
Mirabelle Ervine	present in	College of Winterhold
Savos Aren	present in	College of Winterhold
Malur Seloth	present in	College of Winterhold
College of Winterhold	connected to	Frozen Hearth
Jarl of Winterhold	present in	College of Winterhold
College of Winterhold	connected to	Sea Squall
Drevis Neloren	present in	College of Winterhold
Urag gro-Shub	present in	College of Winterhold
College of Winterhold	connected to	Fellglow Keep
Quaranir	present in	College of Winterhold
Augur of Dunlain	present in	College of Winterhold
Anonymous	present in	College of Winterhold
College of Winterhold	connected to	Midden
College of Winterhold	connected to	Arcanaeum
Faralda	present in	College of Winterhold
Tolfdir	present in	College of Winterhold
Florentius Baenius	present in	Morvunskar
Florentius Baenius	present in	Fort Dawnguard
Farkas	present in	Morvunskar
Arkay	present in	Morvunskar
Farkas	present in	Dustman's Cairn
Farkas	present in	Sovngarde
Farkas	present in	Eastmarch
Farkas	present in	Solitude
Farkas	present in	Whiterun
Arkay	present in	Fort Dawnguard
Arkay	present in	Falkreath
Arkay	present in	Whiterun
Arkay	present in	Temple of Divines
Arkay	present in	outside the catacombs
Arvak	present in	Soul Cairn
Jiub the Eradicator, Saint Jiub, Jiub	present in	Soul Cairn
Durnehviir	present in	Soul Cairn
Gunmar	present in	Treva's Watch
Gunmar	present in	Reach, trying to find dwarven ruins
Gunmar	present in	Solitude
Gunmar	present in	Movarth's Lair
Treva's Watch	connected to	outside Treva's Watch
Vingalmo	present in	Riften
Valindor	present in	Riften
Delphine	present in	Riften
Esbern	present in	Riften
Brynjolf	present in	Riften
Durak	present in	Riften
Riften	connected to	Fort Dawnguard
Riften	connected to	Dagur's inn
Vex	present in	Riften
Isabelle Rolaine	present in	Riften
Laila Law-Giver	present in	Riften
Riften	connected to	Falkreath
Mercer Frey	present in	Riften
Maven Black-Briar	present in	Riften
Riften	connected to	Riften Jail
Romlyn Dreth	present in	Riften
Indaryn	present in	Riften
Riften	connected to	just outside Riften
Sarthis	present in	Riften
Dinya Balu	present in	Riften
Mara	present in	Riften
Riften	connected to	outside the Temple of Dibella
Riften	connected to	Temple of Dibella
Talen-Jei	present in	Riften
Keerava	present in	Riften
Riften	connected to	Black Marsh
Sibbi Black-Briar	present in	Riften
Riften	connected to	Aretino Residence
Riften	connected to	Honorhall Orphanage
Legate Rikke	present in	Riften
Anuriel	present in	Riften
Riften	connected to	Ratway
Fort Dawnguard	connected to	Sightless Pit
Isran	present in	Fort Dawnguard
Elder Scroll	held by	Isran
Isran	present in	Reach, trying to find dwarven ruins
Isran	present in	Windhelm
Isran	present in	Dimhollow Crypt
Sorine Jurard	present in	Reach, trying to find dwarven ruins
Sorine Jurard	present in	Irkngthand
Elder Scroll	held by	Esbern
Elder Scroll	held by	Paarthurnax
Brunwulf Free-Winter	present in	Windhelm
Oengul War-Anvil	present in	Windhelm
Windhelm	connected to	Cronvangr Cave
Nurelion	present in	Windhelm
Windhelm	connected to	Forsaken Cave
Windhelm	connected to	Atheron Residence
Windhelm	connected to	just north of Windhelm
Torsten Cruel-Sea	present in	Windhelm
Niranye	present in	Windhelm
Windhelm	connected to	Vvardenfell
Suvaris Atheron	present in	Windhelm
Windhelm	connected to	The White Phial
Malborn	present in	Windhelm
Windhelm	connected to	Morrowind
Windhelm	connected to	White Phial
Ulfric	present in	Windhelm
Katria	present in	ancient ruins
"The Aetherium Wars"	held by	Katria
Aetherium Forge	held by	Katria
Harkon	present in	Castle Volkihar
Castle Volkihar	connected to	Solitude
Bloodstone Chalice	held by	Harkon
Bloodstone Chalice	held by	Garan Marethi
Delvin Mallory	present in	Solitude
Pactur	present in	Solitude
Bryling	present in	Solitude
Solitude	connected to	Potema's Catacombs
Solitude	connected to	Castle Dour
Gourmet	present in	Solitude
Solitude	connected to	the marsh south of Solitude
General Tullius	present in	Solitude
Solitude	connected to	Lod's house in Falkreath
Solitude	connected to	Goldenglow Estate
Solitude	connected to	East Empire Company
Brynjolf	present in	Solitude
Solitude	connected to	Icerunner
Olfrid Battle-Born	present in	Solitude
Erikur	present in	Solitude
Solitude	connected to	onboard the Katariah
Solitude	connected to	Morthal
Captain Aldis	present in	Solitude
Daynas Valen	present in	Solitude
Solitude	connected to	Folgunthur
Solitude	connected to	Radiant Raiment
Jarl Elisif the Fair	present in	Solitude
Solitude	connected to	The Winking Skeever
Astrid	present in	Solitude
Night Mother	present in	Solitude
Ulfric	present in	Solitude
Urag gro-Shub	present in	Labyrinthian
Melka	present in	Melka's tower
Petra	present in	Melka's tower
Feran Sadri	present in	Whiterun
Feran Sadri	present in	Swindler's Den
Bloodstone Chalice	held by	Feran Sadri
Feran Sadri	present in	Cold Rock Pass
Amren	present in	Whiterun
Saffir	present in	Whiterun
Whiterun	connected to	Halted Stream Camp
Alessandra	present in	Whiterun
Whiterun	connected to	Hall of the Dead
Whiterun	connected to	the tundra a bit west of Whiterun
Shadr	present in	Whiterun
Sapphire	present in	Whiterun
Idolaf Battle-Born	present in	Whiterun
Dragonborn	present in	Whiterun
Nazeem	present in	Whiterun
Balgruuf the Greater	present in	Whiterun
Whiterun	connected to	High Hrothgar
Ulfric	present in	Whiterun
Farengar Secret-Fire	present in	Whiterun
Arcadia	present in	Whiterun
Angeline Morrard	present in	Whiterun
Fura	present in	Whiterun
Captain Aldis	present in	Whiterun
General Tullius	present in	Whiterun
Jarl Baalgruf	present in	Whiterun
Whiterun	connected to	The Ragged Flagon
Delvin Mallory, Vex	present in	Whiterun
Whiterun	connected to	the plains outside Whiterun
Alik'r Warriors	present in	Whiterun
Saadia	present in	Whiterun
Whiterun	connected to	Rorikstead
Olfrid Battle-Born	present in	Whiterun
Arn	present in	Whiterun
Whiterun	connected to	Dragonsreach
Whiterun	connected to	the Jarl's or Steward's chambers in Dragonsreach
Idgrod the Younger	present in	Whiterun
Whiterun	connected to	Temple of Kynareth
Whiterun	connected to	Bannered Mare
Whiterun	connected to	Dragon Bridge
Olava the Feeble	present in	Whiterun
Astrid	present in	Whiterun
Danica Pure-Spring	present in	Whiterun
Whiterun	connected to	Helgen
Balgruuf	present in	Whiterun
Delvin Mallory	present in	Whiterun
Delphine	present in	Solitude stables
Delphine	present in	Kynesgrove
Alduin's Wall	held by	Esbern
Brynjolf	present in	in the center of the cistern room
Brynjolf	present in	The Ragged Flagon
Brynjolf	present in	Goldenglow Estate
Edla	present in	Skaal Village
Nikulas	present in	Skaal Village
Galmar Stone-Fist	present in	Morthal
Galmar Stone-Fist	present in	Fort Neugrad
Galmar Stone-Fist	present in	near Fort Neugrad
Galmar Stone-Fist	present in	Serpentstone Isle
Jagged Crown	held by	Galmar Stone-Fist
Galmar Stone-Fist	present in	outside Korvanjund
Galmar Stone-Fist	present in	Korvanjund
Morthal	connected to	an inn in Dragon Bridge or Rorikstead
Jorgen	present in	Morthal
Idgrod Ravencrone	present in	Morthal
Hroggar	present in	Morthal
Alva	present in	Morthal
Morthal	connected to	Hroggar's house in Morthal
Nazir	present in	Morthal
Morthal	connected to	Moorside Inn
Gorm	present in	Morthal
Idgrod	present in	Morthal
Dragon Bridge	connected to	an inn in Dragon Bridge or Rorikstead
Dragon Bridge	connected to	Rorikstead
"Bandit Leader's Journal"	present in	Dragon Bridge
Brodir	present in	Dragon Bridge
Herd	present in	Dragon Bridge
Commander Maro	present in	Dragon Bridge
Gaius Maro	present in	Dragon Bridge
Erik	present in	Rorikstead
Mralki	present in	Rorikstead
Rorikstead	connected to	Hammerfell
Arngeir	present in	Dragonsreach
Arngeir	present in	Ustengrav
Jarl of Whiterun	present in	Dragonsreach
Alduin	present in	Dragonsreach
Odahviing	present in	Dragonsreach
Dragonsreach	connected to	Skuldafn
Alduin	present in	Time-Wound
Alduin	present in	Sky Haven Temple
Legate Rikke	present in	Dawnstar
Jagged Crown	held by	Legate Rikke
Legate Rikke	present in	Korvanjund
Dawnstar	connected to	Nightgate or Candlehearth
Frida	present in	Dawnstar
Dawnstar	connected to	Shrouded Grove
Erandur	present in	Dawnstar
Dawnstar	connected to	Nightcaller Temple
Vekel the Man	present in	Dawnstar
Dawnstar	connected to	Yngvild
Skald the Elder	present in	Dawnstar
Dawnstar	connected to	Pale
Nazir	present in	Dawnstar
Dawnstar	connected to	Hela's Folly
Beitild	present in	Dawnstar
Dawnstar	connected to	Anga's Mill
Swindler's Den	connected to	Cragwallow Slope
Molag Bal	present in	Swindler's Den
Tolfdir	present in	outside the College of Winterhold
Eye of Magnus	held by	Tolfdir
Staff of Magnus	held by	Tolfdir
Tolfdir	present in	Saarthal
Dragonhide	held by	Tolfdir
Ebonyflesh	held by	Tolfdir
Kahvozein's Fang	held by	Tolfdir
outside the College of Winterhold	connected to	Labyrinthian
Shalidor	present in	Labyrinthian
Eye of Magnus	held by	Quaranir
Staff of Magnus	held by	Mirabelle Ervine
Staff of Magnus	present in	Mzulft
Sondas Drenim	present in	Darkwater Crossing
Sondas Drenim	present in	a mine whose tunnels are getting deep into the rock
Darkwater Crossing	connected to	Darkwater Pass
Sylgja	present in	Darkwater Crossing
Verner	present in	Darkwater Crossing
Derkeethus	present in	Darkwater Pass
Neloth	present in	Solstheim
"Wind and Sand"	held by	Neloth
Neloth	present in	Druadach Redoubt
Neloth	present in	Nchardak
Black Books	held by	Neloth
Heart Stones	held by	Neloth
Neloth	present in	Harstrad
Neloth	present in	Tel Mithryn
Neloth	present in	the hills on the western edge of Skyrim
Neloth	present in	Frostmere Depths
Valdar	present in	tomb of Hevnoraak
Hevnoraak	present in	tomb of Hevnoraak
tomb of Hevnoraak	connected to	in the tomb below
Skjor	present in	Pale
Wuuthrad	held by	Skjor
Skjor	present in	Dustman's Cairn
Skjor	present in	beneath the Skyforge
Dragonstone	held by	Farengar Secret-Fire
Farengar Secret-Fire	present in	Bleak Falls Barrow
Common Soul Gems	held by	Sergius Turrianus
Elmus	present in	a miserable place
Ashfire Mead	held by	Elmus
Elmus	present in	Thirsk Mead Hall
a miserable place	connected to	Thirsk Mead Hall
Thirsk Mead Hall	connected to	Solstheim
Thirsk Mead Hall	connected to	outside Thirsk Mead Hall
Hilund	present in	Thirsk Mead Hall
Elisif the Fair	present in	a hidden shrine to Talos
Torygg	present in	a hidden shrine to Talos
Talos	present in	a hidden shrine to Talos
Talos	present in	Markarth
Solstheim	connected to	Morrowind
Solstheim	connected to	Mournhold
Solstheim	connected to	Raven Rock
Solstheim	connected to	outside Temple of Miraak
Miraak	present in	Solstheim
Solstheim	connected to	Temple of Miraak
Storn	present in	Solstheim
East Empire Pendants	present in	Solstheim
Tharstan	present in	Solstheim
Solstheim	connected to	outside Vahlok's Tomb
Solstheim	connected to	Vahlok's Tomb
Solstheim	connected to	Red Mountain
Solstheim	connected to	Hammerfell
Solstheim	connected to	Frostflow Lighthouse
Sudi	present in	Solstheim
Ramati	present in	Solstheim
Mani	present in	Solstheim
Cindiri Arano	present in	Solstheim
Solstheim	connected to	Strident Squall
Ebony Warrior	present in	the Ebony Warrior's last vigil
the Ebony Warrior's last vigil	connected to	Sovngarde
Vilkas	present in	Sovngarde
Sovngarde	connected to	Tomb of Ysgramor
Kodlak	present in	Sovngarde
Sovngarde	connected to	the place that is already known to the player
Aela	present in	Sovngarde
Sovngarde	connected to	Skuldafn
Alduin, World-Eater	present in	Sovngarde
Tsun	present in	Sovngarde
Alduin, World Eater	present in	Sovngarde
Shor	present in	Sovngarde
Sovngarde	connected to	Hall of Valor
Kodlak Whitemane	present in	Sovngarde
Sovngarde	connected to	Hunting Grounds
Sovngarde	connected to	Castle Dour
Igmund	present in	Markarth
Markarth	connected to	Hag's End
Anton Virane	present in	Markarth
Eltrys	present in	Markarth
Margret	present in	Markarth
Eola	present in	Markarth
Markarth	connected to	Reachcliff Cave
Bolli	present in	Markarth
Markarth	connected to	The Silver Blood Inn
Endon	present in	Markarth
Markarth	connected to	Valenwood
Ondolemar	present in	Markarth
Ogmund the Skald	present in	Markarth
Jarl	present in	Markarth
Markarth	connected to	Cidhna Mine
Braig	present in	Markarth
Markarth	connected to	The Hag's Cure
Markarth	connected to	Serpent's Bluff Redoubt
Markarth	connected to	outside the Abandoned House
Markarth	connected to	Abandoned House
Kerah	present in	Markarth
Markarth	connected to	Understone Keep
Raerek	present in	Markarth
Markarth	connected to	Warmaiden's
Dragonborn	present in	Markarth
Arch-Mage	present in	Markarth
Hag's End	connected to	Deepwood Redoubt
Korir	present in	Winterhold
Helm of Winterhold	held by	Korir
Kraldar	present in	Winterhold
Winterhold	connected to	Frozen Hearth
Winterhold	connected to	Ivarstead
Winterhold	connected to	Frozen Hearth Inn
Winterhold	connected to	Azura's shrine, up the steps to the altar
Aela the Huntress	present in	Winterhold
Winterhold	connected to	Bleakcoast Cave
Jarl	present in	Winterhold
Helm of Winterhold	present in	Hob's Fall Cave
Pantea Ateia	present in	Hob's Fall Cave
Larina	present in	Hob's Fall Cave
Helm of Winterhold	held by	Hanse
Dravynea the Stoneweaver	present in	the mines
the mines	connected to	Morrowind
Grosta	present in	Morrowind
Morrowind	connected to	Broken Helm Hollow
Morrowind	connected to	around the main gate of Windhelm
Brand-Shei	present in	Morrowind
Morrowind	connected to	Black Marsh
Ring of Pure Mixtures	held by	Frida
Runil	present in	Falkreath
Kust	present in	Falkreath
Falkreath	connected to	Darkshade Copse
Siddgeir	present in	Falkreath
Dengeir of Stuhn	present in	Falkreath
Lod	present in	Falkreath
Falkreath	connected to	Skaal village
Bera	present in	Falkreath
Falkreath	connected to	outside Moss Mother Cavern
Falkreath	connected to	Moss Mother Cavern
Falkreath	connected to	Embershard Mine
Nazir	present in	Falkreath
Helvard	present in	Falkreath
Jarl	present in	Falkreath
Thadgeir	present in	Falkreath
Berit	present in	Falkreath
Falkreath	connected to	Bloodlet Throne
Roggi Knot-Beard	present in	Kynesgrove
Knot-Beard shield	held by	Roggi Knot-Beard
Iddra	present in	Kynesgrove
Roggi	present in	Kynesgrove
Knot-Beard shield	present in	Ansilvund
Lenne	present in	Ansilvund
High Queen Freydis	present in	Cronvangr Cave
Shahvee	present in	Black Marsh
Zenithar	present in	Black Marsh
Dagur	present in	Dagur's inn
Ranmir	present in	Dagur's inn
Ranmir	present in	The Frozen Hearth
Stone of Barenziah, Stones of Barenziah	held by	Vex
Delvin Mallory	present in	Bits and Pieces
Dragon's Breath Mead	held by	Olda
Dragon's Breath Mead	present in	a cave nearby, guarded by wolves
Horgeir	present in	a cave nearby, guarded by wolves
Modyn Veleth	present in	Raven Rock
Emberbrand Wine	held by	Modyn Veleth
Modyn Veleth	present in	not in the Bulwark, one of the abandoned houses on the outskirts of Raven Rock
Relics of Ahzidal	present in	Raven Rock
Adril Arano	present in	Raven Rock
Councilor Morvayn	present in	Raven Rock
Raven Rock	connected to	Retching Netch Cornerclub
Raven Rock	connected to	an old farm
Cindiri Arano	present in	Raven Rock
Raven Rock	connected to	Raven Rock Mine
Astrid	present in	the keep in Markarth
Astrid	present in	Dark Brotherhood Sanctuary
Jarrin Root	held by	Astrid
"Silence, my brother."	held by	Astrid
Black Sacrament	held by	Astrid
Astrid	present in	Dark Brotherhood Sanctuary, the hideout of the Dark Brotherhood
Gourmet	present in	the keep in Markarth
Festus Krex	present in	the keep in Markarth
Anton Virane	present in	the keep in Markarth
Quintus Navale	present in	Throat of the World
Nurelion	present in	Throat of the World
Throat of the World	connected to	giant camps
Throat of the World	connected to	High Hrothgar
Paarthurnax	present in	Throat of the World
Dovahkiin	present in	Throat of the World
giant camps	connected to	Forsworn camps in the Reach
White Phial	held by	Nurelion
Skooma	held by	Laila Law-Giver
Laila Law-Giver	present in	the warehouse within Riften
Sarthis	present in	the warehouse within Riften
Skooma	held by	Stands-In-Shallows
Skooma	present in	Grisvar the Unlucky
Skooma	present in	Duach
Skooma	held by	Wujeeta
Skooma	present in	Riften Fishery
"Night Falls on Sentinel"	held by	Rustleif
Black-Briar Mead	held by	Siddgeir
Black-Briar Mead	held by	Romlyn Dreth
Black-Briar Mead	present in	Black-Briar Meadery
"Song of the Alchemists"	held by	Lami
"The Mirror"	held by	Captain Aldis
Vilkas	present in	Jorrvaskr
Wuuthrad	held by	Vilkas
Vilkas	present in	next to Kodlak Whitemane
Vilkas	present in	Rift
Kodlak	present in	Jorrvaskr
Jorrvaskr	connected to	Driftshade Refuge
Wuuthrad	held by	Aela the Huntress
Vald	present in	Riftweald Manor
Mercer Frey	present in	outside Snow Veil Sanctum
Mercer Frey	present in	Goldenglow Estate
Louis Letrush	present in	Riften Jail
Sibbi Black-Briar	present in	Riften Jail
Frost	present in	Riften Jail
Sibbi Black-Briar	present in	Riften jail
Maven Black-Briar	present in	Honningbrew Meadery
Andurs	present in	Hall of the Dead
Hall of the Dead	connected to	Candlehearth Hall
Helgird	present in	Hall of the Dead
Susanna	present in	Hall of the Dead
Andurs	present in	outside the catacombs
Mehrunes' Razor	held by	Silus Vesuius
Mehrunes' Razor	held by	Mehrunes Dagon
Dragonborn	present in	High Hrothgar
Dragonborn	present in	Sky Haven Temple
Styrr	present in	Temple of Divines
Temple of Divines	connected to	Potema's Catacombs
Potema, the Wolf Queen	present in	Potema's Catacombs
Aventus Aretino	present in	Aretino Residence
Black Sacrament	held by	Aventus Aretino
Grelod the Kind	present in	Honorhall Orphanage
Afa-Saryat	present in	Druadach Redoubt
Curalmil	present in	Forsaken Cave
White Phial	connected to	a mine whose tunnels are getting deep into the rock
Dark Brotherhood Sanctuary	connected to	Night Mother's Chamber
Dark Brotherhood Sanctuary	connected to	Night Mother's Chamber in the Dark Brotherhood Sanctuary
Dark Brotherhood Sanctuary	connected to	in the southwest reaches of the realm, in the pine forest
Dark Brotherhood Sanctuary	connected to	outside by the pool
Cicero	present in	Night Mother's Chamber
Cicero	present in	on the road near Loreius Farm
Cicero	present in	outside by the pool
Night Mother	present in	Night Mother's Chamber
Night Mother	present in	outside by the pool
Balgruuf the Greater	present in	High Hrothgar
High Hrothgar	connected to	hight up the slopes of the Throat of the World
General Tullius	present in	High Hrothgar
Klimmek	present in	High Hrothgar
Vaermina	present in	Nightcaller Temple
Lexicon	held by	From-Deepest-Fathoms
From-Deepest-Fathoms	present in	Avanchnzel
Black-Briar Meadery	connected to	Ivarstead
Ivarstead	connected to	Vilemyr Inn
Wilhelm	present in	Ivarstead
Ivarstead	connected to	Shroud Hearth Barrow
Wyndelius	present in	Ivarstead
Narfi	present in	Ivarstead
Dinya Balu	present in	Ivarstead
Fastred	present in	Ivarstead
Mara	present in	Ivarstead
Wilhelm	present in	Vilemyr Inn
Hafjorg	present in	Shor's Stone
Filnjar	present in	Shor's Stone
Elgrim	present in	Shor's Stone
nirnroot	held by	Elgrim
Filnjar	present in	Redbelly Mine
Ralis Sedarys	present in	outside Kolbjorn Barrow
Relics of Ahzidal	held by	Ralis Sedarys
Ralis Sedarys	present in	Kolbjorn Barrow
Aela the Huntress	present in	Eastmarch
Eastmarch	connected to	Cragslane Cavern
Arniel Gane	present in	Saarthal
Saarthal	connected to	Folgunthur
Saarthal	connected to	Geirmund's Hall
Archmage Geirmund	present in	Saarthal
Jyrik	present in	Saarthal
Dwemer Cogs	held by	Arniel Gane
Dwarven Convectors, Convectors	held by	Arniel Gane
Karliah	present in	Twilight Sepulcher
Karliah	present in	Snow Veil Sanctum
Nocturnal	present in	Twilight Sepulcher
volumes of Arondil's journals, necromantic ravings	held by	Vekel the Man
Arondil	present in	Yngvild
Aela the Huntress	present in	Hjaalmarch
Aela the Huntress	present in	Pavo Attius' home
Hircine	present in	Hunting Grounds
Commander Maro	present in	Castle Dour
Titus Mede II	present in	Castle Dour
the passphrase to the Dark Brotherhood Sanctuary: "Silence, my brother."	held by	Commander Maro
Jarrin Root	held by	Titus Mede II
Titus Mede II	present in	Katariah
Titus Mede II	present in	onboard the Katariah
Paarthurnax	present in	Time-Wound
Revyn Sadri	present in	Revyn Sadri's store
Revyn Sadri's store	connected to	Viola Giordano's house
Viola Giordano	present in	Viola Giordano's house
Moon Sugar	held by	Tonilia
Tonilia	present in	The Ragged Flagon
Moon Sugar	held by	Ri'saad
Frea	present in	outside Temple of Miraak
Miraak	present in	Nchardak
Miraak	present in	Hermaeus Mora's realm
Miraak	present in	Saering's Watch
Telrav	present in	Nilheim
Kodlak Whitemane	present in	next to Kodlak Whitemane
Viarmo	present in	Bards College
King Olaf's Verse	held by	Viarmo
Giraud Gemane	present in	Bards College
Bards College	connected to	Halldir's Cairn
Bards College	connected to	Stony Creek Cave
Giruad Gemane	present in	Bards College
"Olaf and the Dragon"	present in	Bards College
King Olaf	present in	Dead Men's Respite
King Olaf's Verse	held by	King Olaf
Mark of Dibella, Marks of Dibella	held by	Haelga
Namira, Lady of Decay	present in	Reachcliff Cave
Torsten Cruel-Sea	present in	Niranye's house in Windhelm
Fjotli	present in	Niranye's house in Windhelm
Hjaalmarch	connected to	Orotheim
fire salts, strange minerals that burns as hot as lava	held by	Balimund
Narfi	present in	ruins just outside of Ivarstead
Evette San	present in	the docks
Vittoria Vici	present in	the docks
Vittoria Vici	present in	Temple of the Divines
Mara	present in	Temple of Mara
Bolli	present in	Riften Fishery
Kleppr	present in	The Silver Blood Inn
Degaine	present in	outside the Temple of Dibella
Senna	present in	Temple of Dibella
Dibella	present in	Temple of Dibella
Sam	present in	Temple of Dibella
Whalebone Bridge	connected to	Hall of Valor
outside Snow Veil Sanctum	connected to	Snow Veil Sanctum
Stands-In-Shallows	present in	Gnisis Cornerclub
Nelacar	present in	Frozen Hearth
Dengeir of Stuhn	present in	Lod's house in Falkreath
Perth	present in	just outside Soljund's Sinkhole
Perth	present in	Soljund's Sinkhole
Avrusa Sarethi	present in	Avrusa Sarethi's farm
Jazbay Grapes	held by	Avrusa Sarethi
Nirnroot	held by	Avrusa Sarethi
Aduri	present in	Avrusa Sarethi's farm
'The Last Scabbard of Akrash'	held by	Ghorza gra-Bagol
'The Last Scabbard of Akrash'	held by	Tacitus
Morwen	present in	Skaal village
Valenwood	connected to	Pinewatch
Rigel Strong-Arm	present in	Pinewatch
Heddic Volunnar	present in	Volunruud
"Heddic's Volunruud Notes"	held by	Heddic Volunnar
Okin and Eduj	held by	Heddic Volunnar
Okin and Eduj	held by	Tongue Chieftain Kvenel
Eorlund	present in	Skyforge
Skyforge	connected to	Underforge
Eorlund	present in	beneath the Skyforge
Captain Valmir	present in	Forelhost
Forelhost	connected to	Atmora
Amaund Motierre	present in	a crypt
Black Sacrament	held by	Amaund Motierre
Black Sacrament	present in	The Hag's Cure
Carlotta Valentia	present in	Bannered Mare
Jarl	present in	Understone Keep
Geldis Sadri	present in	Retching Netch Cornerclub
Sadri's Sujamma	held by	Geldis Sadri
Sujamma	held by	Geldis Sadri
Anska	present in	Vokun's crypt
Vokun	present in	Vokun's crypt
Ysgramor	present in	Vokun's crypt
"Letter from Idolaf Battle-Born"	held by	Idolaf Battle-Born
Selveni Nethri	present in	Southfringe Sanctum
Bashnag	present in	Southfringe Sanctum
Ulfric	present in	outside Korvanjund
Aringoth	present in	Goldenglow Estate
Mercer	present in	Goldenglow Estate
Maven	present in	Goldenglow Estate
Gulum-Ei	present in	East Empire Company
Ainethach	present in	Karthwasten
Karthwasten	connected to	Sanuarach Mine
Exalted Protocol of the Dibellan Sybil	present in	Karthwasten
Dibella	present in	Karthwasten
Sybil	present in	Karthwasten
Fine-Cut Void Salts	held by	Captain Wayfinder
Fine-Cut Void Salts	present in	Sea Squall
Fine-Cut Void Salts	present in	some cave
Rogatus Salvius	present in	Old Hroldan Inn
Leontius	present in	Old Hroldan Inn
Madesi	present in	a city
Halldir	present in	Halldir's Cairn
Rjorn	present in	Halldir's Cairn
Orthus Endario	present in	East Empire Company's rundown offices in Windhelm
East Empire Company's rundown offices in Windhelm	connected to	Vvardenfell
Hammerfell	connected to	Vvardenfell
Habd	present in	Hammerfell
Bujold the Unworthy	present in	outside Thirsk Mead Hall
Rieklings	present in	outside Thirsk Mead Hall
Rift	connected to	Faldar's Tooth
Faldar's Tooth	connected to	Moon Amulet
Illia	present in	Darklight Tower
East Empire Pendants	held by	Fethis Alor
Eisa Blackthorn	present in	Frostmere Crypt
"Eisa's Journal"	held by	Eisa Blackthorn
Kyr	present in	Frostmere Crypt
Ra'jirr	present in	Frostmere Crypt
Pale Lady	present in	Frostmere Crypt
Glover Mallory	present in	Castle Karstaag
Ancient Nordic Pickaxe	held by	Glover Mallory
Esmond Tyne	present in	Castle Karstaag
Drevis Neloren	present in	around the College of Winterhold
books, which contain powerful Illusion spells	held by	Drevis Neloren
Calcelmo	present in	Nchuand-Zel
Calcelmo	present in	Understone Keep
"Letter from Calcelmo"	held by	Calcelmo
Nimhe, Poisoned One	present in	Nchuand-Zel
Peryite	present in	Bthardamz
Orchendor	present in	Bthardamz
Dibella	present in	Broken Tower Redoubt
Mark of Dibella, Marks of Dibella	held by	Dibella
Madanach	present in	Cidhna Mine
septims	held by	Mogrul
septims	held by	Drovas Relvi
Muiri	present in	The Hag's Cure
Valdr	present in	outside Moss Mother Cavern
Spriggans	present in	outside Moss Mother Cavern
Ari	present in	Moss Mother Cavern
Niels	present in	Moss Mother Cavern
Stalhrim	held by	Deor Woodcutter
Stalhrim	held by	Baldor Iron-Shaper
Stalhrim	held by	Halbarn Iron-Fur
Christer	present in	Mistwatch
Fjola	present in	Mistwatch
Grogmar	present in	Redbelly Mine
Fralia Gray-Mane	present in	Fralia Gray-Mane's home
Thorald	present in	Fralia Gray-Mane's home
Dervenin	present in	Pelagius Wing
Pelagius Wing	connected to	Blue Palace
Una	present in	Blue Palace
Erdi	present in	Blue Palace
Blue Palace	connected to	Radiant Raiment
Elisif	present in	Blue Palace
Jarl Elisif the Fair	present in	Blue Palace
Falk Firebeard	present in	Blue Palace
Falk Firebeard	present in	Wolfskull Cave
Potema the Wolf Queen	present in	Wolfskull Cave
Captain Veleth	present in	an old farm
Svidi	present in	Riften jail
Wulfur	present in	Riften jail
Faendal	present in	Riverwood
Camilla Valerius	present in	Riverwood
Sven	present in	Riverwood
Alvor	present in	Riverwood
Riverwood	connected to	Helgen
Black Books	present in	Benkongerike
Xarxes	present in	Benkongerike
Black Books	held by	Hermaeus Mora
Lisbet	present in	Lisbet's store
Lisbet's store	connected to	Broken Tower Redoubt
Jaree-Ra	present in	Solitude Docks
Solitude Docks	connected to	Icerunner
Deeja	present in	Solitude Docks
Icerunner	connected to	Solitude Lighthouse
Olava the Feeble	present in	Deepwood Redoubt
Kyne's Sacred Trials	held by	Froki
Kyne's Sacred Trials	held by	Kyne
Sybille Stentor	present in	Pinemoon Cave
Nazir	present in	ruins just outside of Ivarstead
Nazir	present in	Red Wave
Nazir	present in	Mzinchaleft
Nazir	present in	Half-Moon Mill
Nazir	present in	in the woods near Anga's Mill
Nazir	present in	the plains outside Whiterun
Safia	present in	Red Wave
Erikur	present in	Red Wave
Sabine Nyette	present in	Red Wave
Red Wave	connected to	Dainty Sload
Maluril	present in	Mzinchaleft
Mjoll the Lioness	present in	Mzinchaleft
Lurbuk	present in	Moorside Inn
Hern	present in	Half-Moon Mill
Hert	present in	Half-Moon Mill
Ennodius Papius	present in	Anga's Mill
Aeri	present in	Anga's Mill
Ennodius Papius	present in	in the woods near Anga's Mill
Anoriath	present in	the plains outside Whiterun
Deekus	present in	Hela's Folly
King Borgas	present in	Korvanjund
Galmar Stonefist	present in	Korvanjund
Galmar Stonefist	present in	outside Korvanjund
Stalleo	present in	outside Treva's Watch
Brurid	present in	outside Treva's Watch
ice wraith teeth	held by	Marise Aravel
Marise Aravel	present in	Ancient's Ascent
Dwemer Spoon	held by	Wylandriah
Orichalcum Ingot	held by	Wylandriah
Grand Soul Gem	held by	Wylandriah
Boti	present in	Fellstar Farm
Fellstar Farm	connected to	Frozen Hearth Inn
Orichalcum Ingot	present in	Frozen Hearth Inn
Frozen Hearth Inn	connected to	The White Phial
Sinding	present in	a prison
Ring of Hircine	held by	Sinding
a prison	connected to	these woods
Hircine, Lord of the Hunt	present in	a prison
Tyranus	present in	outside the Abandoned House
Jurgen Windcaller	present in	Ustengrav
Balmora Blue	held by	Erikur
Orthorn	present in	Fellglow Keep
Exalted Protocol of the Dibellan Sybil	held by	Hamal
taproots	held by	Elynea Mothren
Elynea Mothren	present in	Harstrad
Kjar	present in	North Wind
Ebony	held by	Halbarn Iron-Fur
bear pelts	held by	Temba Wide-Arm
Grimsever	held by	Mjoll the Lioness
Lucan Valerius	present in	Lucan Valerius's shop in the town
Lucan Valerius's shop in the town	connected to	Bleak Falls Barrow
Hermaeus Mora, Gardener of Men	present in	Hermaeus Mora's realm
Ghost of Old Hroldan	present in	Hroldan
Hjalti	present in	Hroldan
Talvas Fathryon	present in	Tel Mithryn
Ash Guardian	present in	Tel Mithryn
"Habd's Journal"	held by	Habd
"Midden Incident Report"	held by	Anonymous
Deadric Relic	held by	Anonymous
rings	held by	Anonymous
Forgemaster's Fingers	present in	Stony Creek Cave
Malacath	present in	Stony Creek Cave
Finn's Lute	present in	Stony Creek Cave
Finn	present in	Stony Creek Cave
Malacath	present in	walled orc camp
Liefnarr	present in	Broken Helm Hollow
"Daynas Valen's Notes"	held by	Daynas Valen
Sigdis	present in	Geirmund's Hall
Archmage Gauldur	present in	Geirmund's Hall
Mikrul	present in	Geirmund's Hall
Taarie	present in	Radiant Raiment
Finn's Lute	held by	Inge Six Fingers
Malborn	present in	The Winking Skeever
Khajiit	present in	around the main gate of Windhelm
Folio	held by	Cindiri Arano
First Edition	connected to	Strident Squall
Mage Light	held by	Faralda
"Power of the Elements"	held by	Faralda
Crescius Caerellius	present in	Raven Rock Mine
Ancient Nordic Pickaxe	held by	Crescius Caerellius
Gratian Caerellius	present in	Raven Rock Mine
deathbell	held by	Ingun Black-Briar
nightshade	held by	Ingun Black-Briar
nirnroot	held by	Ingun Black-Briar
Bralsa Drel	present in	The Retching Netch
Geldis	present in	The Retching Netch
Milore Ienth	present in	a walled city
Mikael	present in	Bannered Mare
Mallus Maccius	present in	Bannered Mare
Brenuin	present in	Bannered Mare
Haran	present in	The Frozen Hearth
Storn Crag-Strider	present in	Saering's Watch
Saering's Watch	connected to	Wind Stone
the passphrase to the Dark Brotherhood Sanctuary: "Silence, my brother."	present in	Dark Brotherhood Sanctuary, the hideout of the Dark Brotherhood
Dark Brotherhood Sanctuary, the hideout of the Dark Brotherhood	connected to	outside by the pool
Banning	present in	Understone Keep
Voada	present in	Understone Keep
Stros M'Kai Rum	held by	Sorex Vinius
Stros M'Kai Rum	held by	Jarl Elisif the Fair
The Winking Skeever	connected to	Solitude stables
The Winking Skeever	connected to	Thalmor Embassy
Elenwen	present in	Thalmor Embassy
Hillevi Cruel-Sea	present in	Hillevi Cruel-Sea's market stall
Nightshade	held by	Hillevi Cruel-Sea
Hillevi Cruel-Sea's market stall	connected to	Hollyfrost Farm
Wuunferth	present in	Hillevi Cruel-Sea's market stall
"Olaf and the Dragon"	held by	Adonato Leotelli
Danica Pure-Spring	present in	Temple of Kynareth
Joric	present in	Temple of Kynareth
Danica Pure-Spring	present in	the Gildergreen in Whiterun
Gildergreen	held by	Danica Pure-Spring
Eldergleam	held by	Danica Pure-Spring
Nettlebane	held by	Danica Pure-Spring
on the road near Loreius Farm	connected to	Loreius Farm
Loreius	present in	Loreius Farm
Vighar	present in	Bloodlet Throne
Mallus Maccius	present in	Honningbrew Meadery
Sabjorn	present in	Honningbrew Meadery
Sabine Nyette	present in	down by the docks
Dainty Sload	connected to	ashore
Delvin	present in	Dainty Sload
Captain Volf	present in	ashore
Skeleton Key	held by	Nightingale Sentinel
Nightingale Sentinel	present in	Pilgrim's Path
Skeleton Key	present in	Ebonmere
Atub	present in	walled orc camp
Troll Fat	held by	Atub
Daedra Heart	held by	Atub
Yamarz	present in	walled orc camp
the wilderness	connected to	outside by the pool
Veezara	present in	outside by the pool
Shadowmere	present in	outside by the pool
Arnbjorn	present in	outside by the pool
Phinis Gestor	present in	Hall of Attainment
Phinis Gestor	present in	the top of the Hall of Attainment
Dremora	present in	the top of the Hall of Attainment
Barbas	present in	Haemar's Shame
Clavicus Vile	present in	Haemar's Shame
Elder Othreloth	present in	Temple
Elder Othreloth	present in	an Ancestral Tomb beneath the Temple
Temple	connected to	Ancestral Tombs
Mark of Dibella, Marks of Dibella	held by	Svana Far-Shield
Mark of Dibella, Marks of Dibella	held by	Bolli, Hofgrir, Indaryn
"Letter from Calcelmo"	present in	Warmaiden's
Meridia	present in	Kilkreath
Malkoran	present in	Kilkreath
Dravin Llanith	present in	Dravin Llanith's farm
Dravin Llanith	present in	Ratway
Maramal	present in	Temple of Mara
Hofgrir Horse-Crusher	present in	out in the wilderness
Hunting Grounds	connected to	Glenmoril coven in the wilderness
the Gildergreen in Whiterun	connected to	Orphan Rock
Kynareth	present in	the Gildergreen in Whiterun
Candlehearth Hall	connected to	the murder scene
Aranea Ienith	present in	Azura's shrine, up the steps to the altar
Azura	present in	Azura's shrine, up the steps to the altar
Azra Nightwielder	present in	Frostmere Depths
Dwarven Convectors, Convectors	present in	Skyrim ruins
Argonian Ale	held by	Brenuin
Pavo Attius	present in	Pavo Attius' home
Medresi Dran	present in	Angarvunde
outside the catacombs	connected to	the catacombs, filled with undead
Golldir	present in	Hillgrund's Tomb
Agna	present in	Hillgrund's Tomb
Vals Veran	present in	Hillgrund's Tomb
Kharjo	present in	a cold land
a cold land	connected to	Moon Amulet
Akatosh	present in	Time-Wound
Alduin's Wall	present in	Sky Haven Temple
Sky Haven Temple	connected to	Karthspire
Dexion	present in	a courtyard in Castle Volkihar with Valerica's garden, a peaceful place that Serana's father could not stand
Valerica	present in	a courtyard in Castle Volkihar with Valerica's garden, a peaceful place that Serana's father could not stand
Tolan	present in	Dimhollow Crypt
